{
  "name": "flipflop40",
  "vendorId": "0x5049",
  "productId": "0x003A",
  "lighting": "none",
  "matrix": {
    "rows": 7,
    "cols": 13
  },
  "layouts": {
    "keymap": [
      {
        "name": "FlipFlop40 Vial"
      },
      [
        "3,12",
        "3,11",
        "3,10",
        "3,9",
        "3,8",
        "3,7",
        "3,6",
        "3,5",
        "3,4",
        "3,3",
        "3,2",
        "3,1",
        "3,0"
      ],
      [
        {
          "w": 1.75
        },
        "2,11",
        "2,10",
        "2,9",
        "2,8",
        "2,7",
        "2,6",
        "2,5",
        "2,4",
        "2,3",
        "2,2",
        "2,1",
        {
          "w": 1.25
        },
        "2,0"
      ],
      [
        "1,11",
        {
          "w": 1.25
        },
        "1,10",
        "1,9",
        "1,8",
        "1,7",
        "1,6",
        "1,5",
        "1,4",
        "1,3",
        "1,2",
        "1,1",
        {
          "w": 1.75
        },
        "1,0"
      ],
      [
        {
          "x": 1.13
        },
        "0,11",
        {
          "w": 1.25
        },
        "0,10",
        {
          "w": 6.25
        },
        "0,6",
        {
          "x": 1.7763568394002505e-15,
          "w": 1.25
        },
        "0,1",
        "0,0"
      ],
      [
        {
          "y": -0.75,
          "x": 12.13
        },
        "5,12"
      ],
      [
        {
          "y": 0.25
        },
        "4,0",
        "4,1",
        "4,2",
        "4,3",
        "4,4",
        "4,5",
        "4,6",
        "4,7",
        "4,8",
        "4,9",
        "4,10",
        "4,11",
        "4,12"
      ],
      [
        {
          "w": 1.25
        },
        "5,0",
        "5,1",
        "5,2",
        "5,3",
        "5,4",
        "5,5",
        "5,6",
        "5,7",
        "5,8",
        "5,9",
        "5,10",
        {
          "w": 1.75
        },
        "5,11"
      ],
      [
        {
          "w": 1.75
        },
        "6,0",
        "6,1",
        "6,2",
        "6,3",
        "6,4",
        "6,5",
        "6,6",
        "6,7",
        "6,8",
        "6,9",
        {
          "w": 1.25
        },
        "6,10",
        "6,11"
      ],
      [
        {
          "x": 1.13
        },
        "0,2",
        {
          "w": 1.25
        },
        "0,3",
        {
          "w": 6.25
        },
        "0,5",
        {
          "x": 1.7763568394002505e-15,
          "w": 1.25
        },
        "0,8",
        "0,9"
      ]
    ]
  }
}